{"stats":{"minecraft:killed_by":{"minecraft:player":1,"grimoireofgaia:valkyrie":2,"iceandfire:cyclops":2,"grimoireofgaia:minotaurus":4,"grimoireofgaia:dullahan":1,"minecraft:skeleton":1,"iceandfire:fire_dragon":1},"minecraft:dropped":{"minecraft:wheat_seeds":3,"minecraft:iron_nugget":5,"minecraft:stone_sword":1,"grimoireofgaia:shiny_pearl":2,"minecraft:stick":3,"gravestone:obituary":12,"minecraft:arrow":2,"minecraft:wooden_pickaxe":1,"minecraft:spruce_sapling":1},"minecraft:picked_up":{"minecraft:crafting_table":1,"minecraft:azure_bluet":1,"minecraft:potato":1,"minecraft:oak_log":11,"gravestone:obituary":5,"minecraft:dirt":8,"minecraft:leather_boots":1,"minecraft:bone":5,"minecraft:bow":1,"minecraft:wheat_seeds":8,"minecraft:rabbit_hide":2,"minecraft:iron_nugget":5,"minecraft:melon_slice":5,"minecraft:sugar_cane":2,"iceandfire:fire_dragon_flesh":3,"minecraft:egg":1,"minecraft:stick":6,"grimoireofgaia:diamond_shard":1,"minecraft:cooked_porkchop":2,"minecraft:pumpkin":1,"minecraft:sweet_berries":12,"grimoireofgaia:emerald_shard":1,"iceandfire:dragon_skull_fire":1,"minecraft:spruce_sapling":2,"minecraft:cookie":7,"minecraft:spruce_log":19,"minecraft:spider_eye":2,"grimoireofgaia:shiny_pearl":2,"minecraft:stone_sword":1,"minecraft:arrow":4,"minecraft:rotten_flesh":4,"crittersandcompanions:silk":4,"minecraft:gold_ingot":2,"minecraft:mutton":2,"minecraft:skeleton_skull":2,"minecraft:white_wool":1,"minecraft:cobblestone":32},"minecraft:crafted":{"minecraft:cooked_beef":2,"minecraft:crafting_table":1,"minecraft:spruce_planks":76,"minecraft:wooden_pickaxe":1,"minecraft:stone_axe":1,"minecraft:air":0,"minecraft:stick":12,"minecraft:stone_pickaxe":1,"minecraft:wooden_axe":1,"minecraft:stone_sword":1},"minecraft:killed":{"grimoireofgaia:cecaelia":2,"minecraft:sheep":1,"minecraft:zombie":2,"grimoireofgaia:valkyrie":1,"bloodandmadness:huntsman_axe":1},"minecraft:custom":{"minecraft:mob_kills":8,"minecraft:interact_with_crafting_table":4,"minecraft:open_barrel":3,"minecraft:leave_game":1,"minecraft:time_since_death":0,"minecraft:sleep_in_bed":3,"minecraft:climb_one_cm":80,"minecraft:time_since_rest":240,"minecraft:sprint_one_cm":196970,"minecraft:damage_taken":3742,"minecraft:walk_one_cm":105821,"minecraft:drop":27,"minecraft:damage_dealt":3179,"minecraft:swim_one_cm":13064,"minecraft:fly_one_cm":274455,"minecraft:player_kills":1,"minecraft:open_chest":4,"minecraft:crouch_one_cm":1863,"minecraft:play_time":53788,"minecraft:deaths":12,"minecraft:sneak_time":1247,"minecraft:walk_under_water_one_cm":2380,"minecraft:jump":1735,"minecraft:walk_on_water_one_cm":10084,"minecraft:total_world_time":53788,"minecraft:interact_with_smoker":1,"minecraft:fall_one_cm":48598},"minecraft:mined":{"realmrpg_skeletons:waterdrop_skeleton":1,"minecraft:crafting_table":1,"gravestone:gravestone":11,"mirabilis:grass_pile":4,"minecraft:grass_block":6,"minecraft:melon":1,"minecraft:white_stained_glass_pane":1,"minecraft:cobblestone":14,"minecraft:spruce_leaves":4,"minecraft:sugar_cane":1,"minecraft:skeleton_skull":1,"realmrpg_skeletons:bow_skeleton":2,"biomesoplenty:yellow_autumn_leaves":1,"minecraft:sweet_berry_bush":5,"minecraft:spruce_log":21,"realmrpg_skeletons:acrobat_skeleton":1,"minecraft:pumpkin":1,"minecraft:yellow_stained_glass_pane":1,"minecraft:grass":14,"realmrpg_skeletons:rookie_skeleton":1,"minecraft:oak_log":5,"crittersandcompanions:silk_cocoon":1,"minecraft:dirt":3,"mirabilis:oak_leave_carpet":2,"minecraft:stone":18,"minecraft:fern":1},"minecraft:used":{"minecraft:stone_sword":41,"minecraft:spruce_planks":19,"minecraft:wooden_pickaxe":38,"minecraft:cookie":7,"minecraft:dirt":8,"minecraft:crafting_table":1,"minecraft:wooden_axe":41,"minecraft:apple":3,"minecraft:bread":3,"minecraft:spruce_sapling":1,"minecraft:stone_axe":13,"minecraft:cobblestone":18,"minecraft:bow":2,"minecraft:sweet_berries":15,"minecraft:cooked_porkchop":2,"minecraft:egg":1,"minecraft:skeleton_skull":1,"minecraft:cooked_beef":2,"minecraft:pumpkin":1},"minecraft:broken":{"minecraft:leather_boots":1,"minecraft:wooden_axe":1}},"DataVersion":3465}