{"stats":{"minecraft:killed_by":{"minecraft:player":1,"iceandfire:cyclops":1,"minecraft:skeleton":1},"minecraft:dropped":{"minecraft:wheat_seeds":1,"minecraft:iron_nugget":5,"grimoireofgaia:shiny_pearl":2,"gravestone:obituary":3,"minecraft:arrow":2,"minecraft:spruce_sapling":1},"minecraft:picked_up":{"minecraft:azure_bluet":1,"minecraft:oak_log":11,"minecraft:dirt":8,"minecraft:bone":5,"minecraft:bow":1,"minecraft:wheat_seeds":1,"minecraft:rabbit_hide":2,"minecraft:iron_nugget":5,"minecraft:sugar_cane":2,"minecraft:egg":1,"minecraft:cooked_porkchop":2,"minecraft:pumpkin":1,"minecraft:sweet_berries":12,"minecraft:spruce_sapling":2,"minecraft:cookie":7,"minecraft:spruce_log":19,"minecraft:spider_eye":2,"grimoireofgaia:shiny_pearl":2,"minecraft:arrow":4,"crittersandcompanions:silk":4,"minecraft:gold_ingot":2,"minecraft:mutton":2,"minecraft:skeleton_skull":2,"minecraft:white_wool":1,"minecraft:cobblestone":23},"minecraft:crafted":{"minecraft:cooked_beef":2,"minecraft:crafting_table":1,"minecraft:spruce_planks":76,"minecraft:wooden_pickaxe":1,"minecraft:air":0,"minecraft:stick":4,"minecraft:wooden_axe":1},"minecraft:killed":{"grimoireofgaia:cecaelia":2,"minecraft:sheep":1},"minecraft:custom":{"minecraft:mob_kills":4,"minecraft:interact_with_crafting_table":3,"minecraft:time_since_death":8204,"minecraft:sleep_in_bed":3,"minecraft:time_since_rest":3440,"minecraft:sprint_one_cm":136401,"minecraft:damage_taken":1050,"minecraft:walk_one_cm":77841,"minecraft:drop":13,"minecraft:damage_dealt":739,"minecraft:swim_one_cm":13064,"minecraft:fly_one_cm":161271,"minecraft:player_kills":1,"minecraft:crouch_one_cm":879,"minecraft:play_time":40093,"minecraft:deaths":3,"minecraft:sneak_time":625,"minecraft:walk_under_water_one_cm":2380,"minecraft:jump":1095,"minecraft:walk_on_water_one_cm":10084,"minecraft:total_world_time":40093,"minecraft:interact_with_smoker":1,"minecraft:fall_one_cm":28457},"minecraft:mined":{"realmrpg_skeletons:waterdrop_skeleton":1,"gravestone:gravestone":3,"mirabilis:grass_pile":2,"minecraft:grass_block":6,"minecraft:cobblestone":5,"minecraft:spruce_leaves":4,"minecraft:sugar_cane":1,"minecraft:skeleton_skull":1,"realmrpg_skeletons:bow_skeleton":2,"biomesoplenty:yellow_autumn_leaves":1,"minecraft:sweet_berry_bush":5,"minecraft:spruce_log":21,"realmrpg_skeletons:acrobat_skeleton":1,"minecraft:pumpkin":1,"minecraft:grass":1,"realmrpg_skeletons:rookie_skeleton":1,"minecraft:oak_log":5,"crittersandcompanions:silk_cocoon":1,"minecraft:dirt":2,"mirabilis:oak_leave_carpet":2,"minecraft:stone":18,"minecraft:fern":1},"minecraft:used":{"minecraft:spruce_planks":19,"minecraft:wooden_pickaxe":26,"minecraft:cookie":7,"minecraft:dirt":8,"minecraft:wooden_axe":33,"minecraft:spruce_sapling":1,"minecraft:cobblestone":18,"minecraft:bow":2,"minecraft:sweet_berries":15,"minecraft:cooked_porkchop":1,"minecraft:egg":1,"minecraft:skeleton_skull":1,"minecraft:cooked_beef":2,"minecraft:pumpkin":1}},"DataVersion":3465}