{"stats":{"minecraft:killed_by":{"minecraft:player":1,"minecraft:skeleton":1},"minecraft:dropped":{"minecraft:wheat_seeds":1,"minecraft:iron_nugget":5,"gravestone:obituary":2,"grimoireofgaia:shiny_pearl":2,"minecraft:spruce_sapling":1},"minecraft:picked_up":{"minecraft:pumpkin":1,"minecraft:sweet_berries":12,"minecraft:cookie":3,"minecraft:oak_log":11,"minecraft:spruce_sapling":2,"minecraft:spruce_log":19,"minecraft:spider_eye":2,"grimoireofgaia:shiny_pearl":2,"minecraft:arrow":2,"minecraft:bone":4,"minecraft:wheat_seeds":1,"minecraft:rabbit_hide":2,"crittersandcompanions:silk":4,"minecraft:gold_ingot":2,"minecraft:iron_nugget":5,"minecraft:sugar_cane":2,"minecraft:mutton":2,"minecraft:skeleton_skull":2,"minecraft:white_wool":1},"minecraft:crafted":{"minecraft:crafting_table":1,"minecraft:spruce_planks":28,"minecraft:stick":4,"minecraft:wooden_pickaxe":1,"minecraft:wooden_axe":1},"minecraft:killed":{"minecraft:sheep":1,"grimoireofgaia:cecaelia":2},"minecraft:custom":{"minecraft:time_since_rest":7349,"minecraft:sprint_one_cm":95372,"minecraft:damage_taken":655,"minecraft:walk_one_cm":53815,"minecraft:mob_kills":4,"minecraft:drop":11,"minecraft:damage_dealt":669,"minecraft:interact_with_crafting_table":3,"minecraft:swim_one_cm":8728,"minecraft:fly_one_cm":86483,"minecraft:player_kills":1,"minecraft:crouch_one_cm":178,"minecraft:play_time":28093,"minecraft:deaths":2,"minecraft:sneak_time":86,"minecraft:walk_under_water_one_cm":1728,"minecraft:jump":565,"minecraft:walk_on_water_one_cm":7975,"minecraft:time_since_death":23208,"minecraft:sleep_in_bed":1,"minecraft:total_world_time":28093,"minecraft:fall_one_cm":11931},"minecraft:mined":{"minecraft:skeleton_skull":1,"realmrpg_skeletons:waterdrop_skeleton":1,"realmrpg_skeletons:bow_skeleton":1,"minecraft:sweet_berry_bush":5,"minecraft:spruce_log":21,"realmrpg_skeletons:acrobat_skeleton":1,"minecraft:pumpkin":1,"gravestone:gravestone":2,"mirabilis:grass_pile":1,"minecraft:grass":1,"realmrpg_skeletons:rookie_skeleton":1,"minecraft:oak_log":5,"crittersandcompanions:silk_cocoon":1,"mirabilis:oak_leave_carpet":2,"minecraft:spruce_leaves":4,"minecraft:sugar_cane":1,"minecraft:fern":1},"minecraft:used":{"minecraft:wooden_axe":32,"minecraft:wooden_pickaxe":3,"minecraft:spruce_sapling":1,"minecraft:cookie":3,"minecraft:sweet_berries":15,"minecraft:skeleton_skull":1,"minecraft:pumpkin":1}},"DataVersion":3465}