{"stats":{"minecraft:killed_by":{"minecraft:skeleton":1},"minecraft:picked_up":{"minecraft:iron_nugget":1,"grimoireofgaia:shiny_pearl":1},"minecraft:dropped":{"gravestone:obituary":1,"minecraft:iron_nugget":1,"grimoireofgaia:shiny_pearl":1},"minecraft:custom":{"minecraft:jump":65,"minecraft:time_since_rest":1051,"minecraft:deaths":1,"minecraft:damage_dealt":80,"minecraft:crouch_one_cm":86,"minecraft:walk_on_water_one_cm":4838,"minecraft:sprint_one_cm":12018,"minecraft:play_time":4093,"minecraft:damage_taken":395,"minecraft:time_since_death":1005,"minecraft:walk_one_cm":23464,"minecraft:sneak_time":37,"minecraft:total_world_time":4093,"minecraft:drop":3,"minecraft:fall_one_cm":418,"minecraft:fly_one_cm":10064},"minecraft:mined":{"minecraft:fern":1,"gravestone:gravestone":1}},"DataVersion":3465}