{"stats":{"minecraft:killed_by":{"minecraft:skeleton":1,"minecraft:player":1},"minecraft:picked_up":{"minecraft:spruce_sapling":2,"minecraft:iron_nugget":5,"minecraft:spruce_log":18,"minecraft:sugar_cane":2,"grimoireofgaia:shiny_pearl":2},"minecraft:dropped":{"gravestone:obituary":2,"minecraft:iron_nugget":5,"grimoireofgaia:shiny_pearl":2,"minecraft:spruce_sapling":1},"minecraft:crafted":{"minecraft:crafting_table":1,"minecraft:spruce_planks":28,"minecraft:stick":4,"minecraft:wooden_pickaxe":1,"minecraft:wooden_axe":1},"minecraft:killed":{"grimoireofgaia:cecaelia":2},"minecraft:custom":{"minecraft:time_since_rest":11237,"minecraft:crouch_one_cm":86,"minecraft:play_time":16093,"minecraft:sprint_one_cm":26983,"minecraft:walk_one_cm":34806,"minecraft:damage_taken":515,"minecraft:deaths":2,"minecraft:sneak_time":39,"minecraft:mob_kills":2,"minecraft:drop":10,"minecraft:jump":106,"minecraft:damage_dealt":420,"minecraft:time_since_death":11208,"minecraft:walk_on_water_one_cm":4838,"minecraft:total_world_time":16093,"minecraft:interact_with_crafting_table":3,"minecraft:fly_one_cm":15099,"minecraft:fall_one_cm":418,"minecraft:player_kills":1},"minecraft:mined":{"gravestone:gravestone":2,"minecraft:spruce_leaves":4,"minecraft:spruce_log":19,"minecraft:sugar_cane":1,"minecraft:fern":1},"minecraft:used":{"minecraft:wooden_axe":20,"minecraft:spruce_sapling":1}},"DataVersion":3465}