{"stats":{"minecraft:killed_by":{"riskofrain_mobs:stone_golem_entity":1,"minecraft:spider":1},"minecraft:custom":{"minecraft:mob_kills":52,"minecraft:interact_with_crafting_table":22,"minecraft:leave_game":1,"minecraft:time_since_death":0,"minecraft:climb_one_cm":128,"minecraft:sprint_one_cm":220620,"minecraft:walk_one_cm":262238,"minecraft:damage_blocked_by_shield":90,"minecraft:drop":68,"minecraft:play_time":107916,"minecraft:deaths":2,"minecraft:sneak_time":1326,"minecraft:walk_under_water_one_cm":6576,"minecraft:jump":1954,"minecraft:walk_on_water_one_cm":28536,"minecraft:total_world_time":107916,"minecraft:interact_with_furnace":46,"minecraft:sleep_in_bed":2,"minecraft:time_since_rest":0,"minecraft:damage_taken":3328,"minecraft:damage_dealt":13824,"minecraft:swim_one_cm":191,"minecraft:player_kills":3,"minecraft:fly_one_cm":279626,"minecraft:open_chest":2,"minecraft:crouch_one_cm":2099,"minecraft:fall_one_cm":53062},"minecraft:picked_up":{"minecraft:crafting_table":6,"minecraft:golden_pickaxe":3,"forbidden_arcanus:xpetrified_orb":4,"minecraft:string":2,"minecraft:blackstone":4,"bloodandmadness:blood_vial":2,"minecraft:cobbled_deepslate":255,"minecraft:iron_nugget":7,"minecraft:birch_sapling":1,"bloodandmadness:weapons/lit_torch":1,"minecraft:furnace":4,"grimoireofgaia:taproot":2,"minecraft:raw_iron":90,"minecraft:stick":2,"orcz:orcskull":2,"bloodandmadness:beastblood_clump":1,"minecraft:stone_sword":2,"minecraft:arrow":1,"minecraft:rotten_flesh":11,"minecraft:hay_block":11,"grimoireofgaia:weapon_book":1,"minecraft:mutton":11,"minecraft:white_wool":8,"minecraft:cobblestone":197,"minecraft:water_bucket":1,"minecraft:brown_wool":1,"minecraft:crimson_fungus":64,"minecraft:tuff":8,"minecraft:oak_log":6,"minecraft:gunpowder":4,"minecraft:lapis_lazuli":64,"minecraft:dirt":10,"naturalist:glow_goop":1,"minecraft:bone":5,"minecraft:raw_gold":4,"iter_rpg:potsherd":2,"minecraft:iron_ingot":1,"grimoireofgaia:zombie_staff":1,"spartanweaponry:iron_saber":1,"minecraft:sweet_berries":7,"forbidden_arcanus:edelwood_bucket":3,"minecraft:raw_iron_block":1,"minecraft:gravel":2,"minecraft:amethyst_shard":16,"minecraft:spruce_sapling":3,"minecraft:spruce_log":26,"grimoireofgaia:shiny_pearl":1,"forbidden_arcanus:arcane_crystal":5,"minecraft:diamond":27,"minecraft:stone_axe":3,"iter_rpg:abyssquartz_shard":10,"orcz:ironscrap":1,"minecraft:oak_sapling":3,"minecraft:coal":31,"iceandfire:raw_silver":3,"minecraft:ender_pearl":3},"minecraft:mined":{"biomesoplenty:orange_autumn_leaves":1,"realmrpg_skeletons:waterdrop_skeleton":1,"minecraft:tuff":25,"orcz:orcamanita":1,"iceandfire:silver_ore":3,"minecraft:deepslate_diamond_ore":21,"gravestone:gravestone":1,"minecraft:grass_block":1,"minecraft:spruce_leaves":1,"iter_rpg:big_vase":2,"minecraft:hay_block":10,"minecraft:raw_iron_block":1,"forbidden_arcanus:deepslate_arcane_crystal_ore":5,"minecraft:furnace":4,"minecraft:iron_ore":55,"minecraft:cobbled_deepslate":1,"minecraft:deepslate_lapis_ore":8,"minecraft:deepslate_iron_ore":26,"biomesoplenty:webbing":1,"minecraft:stone":143,"biomesoplenty:spider_egg":1,"minecraft:amethyst_cluster":4,"orcz:orcskull":1,"minecraft:crafting_table":7,"minecraft:cobblestone":4,"minecraft:deepslate_gold_ore":2,"minecraft:diorite":1,"forbidden_arcanus:xpetrified_ore":4,"iter_rpg:abyss_quartz":6,"minecraft:spruce_log":26,"minecraft:birch_leaves":1,"minecraft:grass":2,"minecraft:oak_log":6,"minecraft:coal_ore":31,"minecraft:gravel":1,"minecraft:dirt":8,"biomesoplenty:stringy_cobweb":1,"minecraft:gold_ore":2,"minecraft:deepslate":284},"minecraft:crafted":{"minecraft:oak_planks":24,"minecraft:raw_iron":54,"minecraft:furnace":1,"minecraft:cooked_mutton":11,"minecraft:iron_boots":1,"minecraft:stone_pickaxe":2,"minecraft:wheat":99,"minecraft:raw_iron_block":5,"minecraft:crafting_table":2,"minecraft:spruce_planks":104,"minecraft:wooden_pickaxe":1,"minecraft:iron_helmet":1,"minecraft:iron_sword":1,"minecraft:stone_axe":1,"minecraft:bread":33,"minecraft:air":0,"minecraft:iron_chestplate":1,"minecraft:diamond_pickaxe":1,"minecraft:shield":2,"minecraft:stick":16,"minecraft:iron_ingot":71,"minecraft:iron_pickaxe":1,"minecraft:stone_sword":1,"minecraft:iron_leggings":1,"minecraft:white_bed":1},"minecraft:broken":{"minecraft:stone_pickaxe":1,"minecraft:iron_pickaxe":1},"minecraft:used":{"minecraft:stone_sword":73,"minecraft:shield":3,"minecraft:iron_sword":221,"minecraft:rotten_flesh":5,"minecraft:dirt":5,"minecraft:iron_boots":1,"minecraft:sweet_berries":9,"minecraft:furnace":4,"minecraft:cobbled_deepslate":2,"forbidden_arcanus:edelwood_bucket":17,"minecraft:iron_leggings":1,"orcz:orcskull":1,"minecraft:cooked_mutton":8,"minecraft:water_bucket":13,"minecraft:stone_pickaxe":182,"minecraft:wooden_pickaxe":12,"forbidden_arcanus:edelwood_water_bucket":17,"minecraft:crafting_table":7,"minecraft:white_bed":1,"minecraft:diamond_pickaxe":193,"minecraft:apple":16,"spartanweaponry:iron_saber":7,"minecraft:bread":33,"minecraft:iron_pickaxe":251,"minecraft:brown_wool":1,"minecraft:spruce_sapling":2,"minecraft:stone_axe":7,"naturalist:glow_goop":1,"minecraft:cobblestone":27,"minecraft:bucket":13},"minecraft:dropped":{"minecraft:iron_ingot":14,"minecraft:golden_pickaxe":3,"minecraft:diamond":6,"minecraft:cobblestone":52,"grimoireofgaia:shiny_pearl":1,"bloodandmadness:beastblood_clump":1,"minecraft:dirt":5,"grimoireofgaia:taproot":2,"forbidden_arcanus:edelwood_bucket":3,"gravestone:obituary":1,"minecraft:spruce_sapling":1,"iter_rpg:potsherd":2,"grimoireofgaia:weapon_book":1,"minecraft:gravel":2,"minecraft:crimson_fungus":64,"minecraft:stone_axe":3,"minecraft:blackstone":4,"minecraft:iron_nugget":7,"minecraft:stone_sword":3,"alexsmobs:animal_dictionary":1,"minecraft:cobbled_deepslate":253,"minecraft:tuff":8,"minecraft:birch_sapling":1,"minecraft:rotten_flesh":6,"minecraft:oak_planks":1,"spartanweaponry:iron_saber":1,"minecraft:cooked_mutton":3,"minecraft:shield":1,"minecraft:oak_sapling":5,"minecraft:arrow":1,"minecraft:wooden_pickaxe":1,"minecraft:stone_pickaxe":1},"minecraft:killed":{"minecraft:cave_spider":1,"bloodandmadness:church_doctor":1,"bloodandmadness:cloaked_beast_patient":1,"minecraft:spider":2,"minecraft:skeleton":3,"grimoireofgaia:ender_eye":1,"bloodandmadness:beast_patient":1,"bloodandmadness:church_doctor_scythe":1,"bloodandmadness:huntsman_axe":1,"grimoireofgaia:flesh_lich":2,"minecraft:zombie_villager":1,"naturalist:firefly":1,"grimoireofgaia:bone_knight":3,"riskofrain_mobs:lemurian_entity":4,"minecraft:creeper":1,"orcz:orcsavage_2swordiron":1,"minecraft:sheep":9,"minecraft:zombie":14,"grimoireofgaia:deathword":1,"riskofrain_mobs:stone_golem_entity":1,"minecraft:enderman":1}},"DataVersion":3465}