{"stats":{"minecraft:killed_by":{"minecraft:player":1},"minecraft:dropped":{"minecraft:iron_nugget":3,"bloodandmadness:sanguisteel_nugget":1,"alexsmobs:animal_dictionary":2,"gravestone:obituary":4,"minecraft:gold_nugget":1,"minecraft:arrow":1,"minecraft:wooden_pickaxe":1,"minecraft:spruce_sapling":6,"minecraft:stick":1},"minecraft:picked_up":{"minecraft:stick":2,"minecraft:crafting_table":1,"gravestone:obituary":3,"minecraft:spruce_sapling":6,"minecraft:diorite":6,"minecraft:spruce_log":18,"alexsmobs:animal_dictionary":1,"minecraft:dirt":6,"grimoireofgaia:shiny_pearl":1,"minecraft:bone":2,"minecraft:arrow":3,"minecraft:gold_nugget":1,"bloodandmadness:sanguisteel_nugget":1,"minecraft:gray_wool":1,"minecraft:iron_nugget":3,"minecraft:mutton":6,"grimoireofgaia:fur":1,"minecraft:white_wool":3,"minecraft:cobblestone":39,"minecraft:furnace":1},"minecraft:crafted":{"minecraft:crafting_table":1,"minecraft:spruce_planks":44,"minecraft:stick":8,"minecraft:wooden_pickaxe":1,"minecraft:stone_pickaxe":1,"minecraft:furnace":1,"minecraft:stone_axe":1,"minecraft:air":0,"minecraft:cooked_mutton":6,"minecraft:smoker":1},"minecraft:killed":{"minecraft:sheep":4,"grimoireofgaia:yuki_onna":1},"minecraft:custom":{"minecraft:time_since_rest":7230,"minecraft:interact_with_furnace":1,"minecraft:sprint_one_cm":45031,"minecraft:damage_taken":415,"minecraft:walk_one_cm":31735,"minecraft:mob_kills":5,"minecraft:drop":20,"minecraft:damage_dealt":1336,"minecraft:swim_one_cm":4494,"minecraft:player_kills":1,"minecraft:fly_one_cm":34424,"minecraft:interact_with_crafting_table":4,"minecraft:crouch_one_cm":749,"minecraft:play_time":12006,"minecraft:deaths":1,"minecraft:sneak_time":201,"minecraft:walk_under_water_one_cm":336,"minecraft:jump":159,"minecraft:time_since_death":7196,"minecraft:walk_on_water_one_cm":7101,"minecraft:interact_with_smoker":2,"minecraft:total_world_time":12006,"minecraft:fall_one_cm":2301},"minecraft:mined":{"minecraft:furnace":1,"minecraft:spruce_log":17,"minecraft:crafting_table":1,"gravestone:gravestone":1,"minecraft:grass_block":2,"minecraft:dirt":4,"minecraft:spruce_leaves":2,"minecraft:stone":39,"minecraft:diorite":6,"minecraft:fern":1},"minecraft:used":{"minecraft:diorite":6,"minecraft:stone_pickaxe":32,"minecraft:wooden_pickaxe":14,"minecraft:stone_axe":35,"minecraft:dirt":6,"minecraft:crafting_table":2,"minecraft:furnace":1,"minecraft:smoker":1,"minecraft:gray_wool":1}},"DataVersion":3465}