{"stats":{"minecraft:killed_by":{"minecraft:player":1,"iceandfire:cyclops":1},"minecraft:dropped":{"minecraft:iron_nugget":3,"minecraft:cooked_beef":2,"alexsmobs:animal_dictionary":2,"minecraft:cooked_porkchop":2,"minecraft:cookie":4,"grimoireofgaia:shiny_pearl":1,"minecraft:white_bed":1,"minecraft:stick":1,"bloodandmadness:sanguisteel_nugget":1,"grimoireofgaia:fur":1,"gravestone:obituary":5,"minecraft:gold_nugget":1,"minecraft:arrow":1,"minecraft:wooden_pickaxe":1,"minecraft:spruce_sapling":6},"minecraft:picked_up":{"minecraft:crafting_table":4,"grimoireofgaia:soulfire":1,"minecraft:leather":1,"minecraft:smoker":2,"gravestone:obituary":3,"minecraft:dirt":9,"minecraft:name_tag":1,"minecraft:bone":4,"minecraft:wheat_seeds":2,"minecraft:gold_nugget":1,"minecraft:rabbit_hide":1,"minecraft:spruce_planks":29,"minecraft:beef":4,"minecraft:iron_nugget":4,"minecraft:egg":1,"minecraft:furnace":1,"minecraft:stick":4,"minecraft:porkchop":4,"minecraft:cookie":4,"minecraft:spruce_sapling":6,"minecraft:diorite":6,"minecraft:white_bed":1,"minecraft:spruce_log":18,"grimoireofgaia:shiny_pearl":1,"alexsmobs:animal_dictionary":1,"minecraft:arrow":3,"crittersandcompanions:silk":3,"bloodandmadness:sanguisteel_nugget":1,"minecraft:gray_wool":1,"minecraft:coal":9,"minecraft:cobblestone":77,"minecraft:mutton":10,"grimoireofgaia:fur":1,"minecraft:white_wool":6},"minecraft:crafted":{"minecraft:cooked_beef":2,"minecraft:cooked_porkchop":4,"minecraft:crafting_table":1,"minecraft:spruce_planks":44,"minecraft:wooden_pickaxe":1,"minecraft:furnace":1,"minecraft:stone_axe":2,"minecraft:cooked_mutton":9,"minecraft:air":0,"minecraft:stick":8,"minecraft:stone_pickaxe":1,"minecraft:white_bed":2,"minecraft:smoker":1},"minecraft:killed":{"grimoireofgaia:dullahan":1,"minecraft:pig":2,"iceandfire:cyclops":1,"grimoireofgaia:yuki_onna":1,"minecraft:sheep":7,"minecraft:zombie":1,"minecraft:cow":2},"minecraft:custom":{"minecraft:interact_with_furnace":1,"minecraft:mob_kills":15,"minecraft:interact_with_crafting_table":8,"minecraft:time_since_death":263,"minecraft:sleep_in_bed":3,"minecraft:time_since_rest":304,"minecraft:sprint_one_cm":141292,"minecraft:damage_taken":1140,"minecraft:walk_one_cm":80313,"minecraft:drop":27,"minecraft:damage_dealt":4163,"minecraft:swim_one_cm":9380,"minecraft:fly_one_cm":182080,"minecraft:player_kills":1,"minecraft:open_chest":1,"minecraft:crouch_one_cm":1969,"minecraft:play_time":36006,"minecraft:deaths":2,"minecraft:sneak_time":1988,"minecraft:walk_under_water_one_cm":2804,"minecraft:jump":983,"minecraft:walk_on_water_one_cm":11089,"minecraft:total_world_time":36006,"minecraft:interact_with_smoker":13,"minecraft:fall_one_cm":23414},"minecraft:mined":{"minecraft:smoker":2,"minecraft:crafting_table":4,"gravestone:gravestone":1,"mirabilis:grass_pile":1,"minecraft:grass_block":5,"minecraft:tall_grass":2,"minecraft:cobblestone":17,"minecraft:spruce_leaves":2,"minecraft:diorite":6,"minecraft:furnace":1,"biomesoplenty:yellow_autumn_leaves":2,"minecraft:fire":1,"minecraft:spruce_log":17,"realmrpg_skeletons:acrobat_skeleton":1,"minecraft:azure_bluet":1,"minecraft:grass":5,"minecraft:coal_ore":5,"crittersandcompanions:silk_cocoon":1,"minecraft:dirt":4,"minecraft:stone":61,"minecraft:oak_leaves":9,"minecraft:fern":1},"minecraft:used":{"minecraft:cooked_mutton":8,"minecraft:diorite":6,"minecraft:stone_pickaxe":82,"minecraft:wooden_pickaxe":14,"grimoireofgaia:soulfire":1,"minecraft:dirt":8,"minecraft:crafting_table":5,"minecraft:white_bed":2,"minecraft:smoker":3,"minecraft:stone_axe":96,"minecraft:cobblestone":30,"minecraft:furnace":1,"minecraft:cooked_porkchop":2,"minecraft:gray_wool":1},"minecraft:broken":{"minecraft:stone_axe":1}},"DataVersion":3465}