{"stats":{"minecraft:killed_by":{"minecraft:player":1,"iceandfire:cyclops":2,"grimoireofgaia:minotaurus":1,"iceandfire:fire_dragon":2},"minecraft:dropped":{"minecraft:wheat_seeds":4,"minecraft:iron_nugget":4,"minecraft:cooked_beef":2,"alexsmobs:animal_dictionary":2,"minecraft:crafting_table":1,"minecraft:cooked_porkchop":2,"minecraft:cookie":4,"grimoireofgaia:shiny_pearl":1,"minecraft:white_bed":1,"minecraft:stick":1,"minecraft:rabbit_hide":1,"minecraft:dirt":3,"minecraft:gray_wool":1,"bloodandmadness:sanguisteel_nugget":1,"minecraft:wooden_axe":1,"grimoireofgaia:fur":1,"gravestone:obituary":11,"minecraft:gold_nugget":5,"minecraft:arrow":1,"minecraft:wooden_pickaxe":1,"minecraft:white_wool":5,"minecraft:spruce_sapling":6},"minecraft:picked_up":{"minecraft:crafting_table":6,"minecraft:allium":1,"grimoireofgaia:soulfire":1,"minecraft:leather":7,"minecraft:smoker":3,"gravestone:obituary":8,"minecraft:dirt":11,"iceandfire:dragonscales_bronze":17,"minecraft:name_tag":1,"minecraft:bone":4,"minecraft:wheat_seeds":4,"minecraft:gold_nugget":5,"minecraft:rabbit_hide":1,"minecraft:spruce_planks":29,"minecraft:beef":4,"minecraft:iron_nugget":4,"iceandfire:fire_dragon_flesh":3,"minecraft:egg":1,"minecraft:furnace":1,"minecraft:stick":4,"iceandfire:dragonbone":6,"minecraft:porkchop":4,"minecraft:cookie":4,"minecraft:spruce_sapling":6,"minecraft:diorite":6,"minecraft:white_bed":3,"minecraft:spruce_log":18,"grimoireofgaia:shiny_pearl":1,"alexsmobs:animal_dictionary":1,"iceandfire:cyclops_eye":1,"minecraft:arrow":3,"crittersandcompanions:silk":3,"iceandfire:fire_dragon_heart":1,"bloodandmadness:sanguisteel_nugget":1,"minecraft:gray_wool":2,"minecraft:coal":9,"minecraft:cobblestone":77,"minecraft:mutton":16,"grimoireofgaia:fur":1,"minecraft:white_wool":11},"minecraft:crafted":{"minecraft:cooked_beef":2,"minecraft:cooked_porkchop":4,"minecraft:crafting_table":1,"minecraft:spruce_planks":44,"minecraft:wooden_pickaxe":1,"minecraft:furnace":1,"minecraft:stone_axe":2,"minecraft:cooked_mutton":16,"minecraft:air":0,"minecraft:stick":8,"minecraft:stone_pickaxe":1,"minecraft:wooden_axe":1,"minecraft:white_bed":2,"minecraft:smoker":1},"minecraft:killed":{"grimoireofgaia:dullahan":1,"minecraft:pig":2,"iceandfire:cyclops":2,"grimoireofgaia:yuki_onna":1,"minecraft:sheep":9,"minecraft:zombie":1,"minecraft:cow":2},"minecraft:custom":{"minecraft:interact_with_furnace":1,"minecraft:mob_kills":18,"minecraft:interact_with_crafting_table":9,"minecraft:leave_game":1,"minecraft:time_since_death":0,"minecraft:sleep_in_bed":3,"minecraft:climb_one_cm":615,"minecraft:time_since_rest":438,"minecraft:sprint_one_cm":191683,"minecraft:damage_taken":2967,"minecraft:walk_one_cm":122842,"minecraft:drop":54,"minecraft:damage_dealt":8223,"minecraft:swim_one_cm":11984,"minecraft:fly_one_cm":281901,"minecraft:player_kills":1,"minecraft:open_chest":8,"minecraft:crouch_one_cm":4546,"minecraft:play_time":50179,"minecraft:deaths":6,"minecraft:sneak_time":3072,"minecraft:walk_under_water_one_cm":4385,"minecraft:jump":1518,"minecraft:walk_on_water_one_cm":11204,"minecraft:total_world_time":50179,"minecraft:interact_with_smoker":17,"minecraft:fall_one_cm":40653},"minecraft:mined":{"minecraft:white_bed":2,"minecraft:smoker":3,"minecraft:crafting_table":5,"gravestone:gravestone":5,"mirabilis:grass_pile":1,"minecraft:grass_block":6,"minecraft:tall_grass":3,"minecraft:cobblestone":17,"minecraft:spruce_leaves":2,"minecraft:diorite":6,"minecraft:furnace":1,"biomesoplenty:yellow_autumn_leaves":2,"minecraft:fire":2,"minecraft:spruce_log":17,"realmrpg_skeletons:acrobat_skeleton":1,"minecraft:azure_bluet":1,"minecraft:grass":7,"minecraft:coal_ore":5,"crittersandcompanions:silk_cocoon":1,"minecraft:dirt":6,"minecraft:stone":61,"minecraft:oak_leaves":9,"minecraft:fern":1},"minecraft:used":{"minecraft:cooked_mutton":15,"minecraft:diorite":6,"iceandfire:fire_dragon_flesh":3,"minecraft:stone_pickaxe":83,"minecraft:spruce_planks":17,"minecraft:wooden_pickaxe":14,"grimoireofgaia:soulfire":1,"minecraft:dirt":8,"minecraft:crafting_table":6,"minecraft:allium":1,"minecraft:white_bed":4,"minecraft:smoker":3,"minecraft:wooden_axe":9,"minecraft:stone_axe":156,"minecraft:cobblestone":60,"minecraft:furnace":1,"minecraft:cooked_porkchop":2,"minecraft:egg":1,"minecraft:gray_wool":1},"minecraft:broken":{"minecraft:stone_axe":2}},"DataVersion":3465}