{"stats":{"minecraft:killed_by":{"minecraft:player":1},"minecraft:dropped":{"minecraft:iron_nugget":3,"alexsmobs:animal_dictionary":2,"grimoireofgaia:shiny_pearl":1,"minecraft:white_bed":1,"minecraft:stick":1,"bloodandmadness:sanguisteel_nugget":1,"grimoireofgaia:fur":1,"gravestone:obituary":4,"minecraft:gold_nugget":1,"minecraft:arrow":1,"minecraft:wooden_pickaxe":1,"minecraft:spruce_sapling":6},"minecraft:picked_up":{"minecraft:crafting_table":3,"minecraft:smoker":2,"gravestone:obituary":3,"minecraft:dirt":8,"minecraft:name_tag":1,"minecraft:bone":2,"minecraft:gold_nugget":1,"minecraft:rabbit_hide":1,"minecraft:spruce_planks":29,"minecraft:beef":2,"minecraft:iron_nugget":3,"minecraft:furnace":1,"minecraft:stick":4,"minecraft:porkchop":4,"minecraft:spruce_sapling":6,"minecraft:diorite":6,"minecraft:white_bed":1,"minecraft:spruce_log":18,"grimoireofgaia:shiny_pearl":1,"alexsmobs:animal_dictionary":1,"minecraft:arrow":3,"crittersandcompanions:silk":3,"bloodandmadness:sanguisteel_nugget":1,"minecraft:gray_wool":1,"minecraft:coal":9,"minecraft:cobblestone":39,"minecraft:mutton":8,"grimoireofgaia:fur":1,"minecraft:white_wool":5},"minecraft:crafted":{"minecraft:cooked_beef":2,"minecraft:cooked_porkchop":4,"minecraft:crafting_table":1,"minecraft:spruce_planks":44,"minecraft:wooden_pickaxe":1,"minecraft:furnace":1,"minecraft:stone_axe":1,"minecraft:cooked_mutton":8,"minecraft:air":0,"minecraft:stick":8,"minecraft:stone_pickaxe":1,"minecraft:white_bed":1,"minecraft:smoker":1},"minecraft:killed":{"minecraft:pig":2,"grimoireofgaia:yuki_onna":1,"minecraft:sheep":6,"minecraft:cow":1},"minecraft:custom":{"minecraft:interact_with_furnace":1,"minecraft:mob_kills":10,"minecraft:interact_with_crafting_table":5,"minecraft:time_since_death":19196,"minecraft:sleep_in_bed":1,"minecraft:time_since_rest":7349,"minecraft:sprint_one_cm":104665,"minecraft:damage_taken":565,"minecraft:walk_one_cm":53597,"minecraft:drop":23,"minecraft:damage_dealt":1806,"minecraft:swim_one_cm":7345,"minecraft:fly_one_cm":111247,"minecraft:player_kills":1,"minecraft:open_chest":1,"minecraft:crouch_one_cm":890,"minecraft:play_time":24006,"minecraft:deaths":1,"minecraft:sneak_time":299,"minecraft:walk_under_water_one_cm":2593,"minecraft:jump":595,"minecraft:walk_on_water_one_cm":11002,"minecraft:total_world_time":24006,"minecraft:interact_with_smoker":8,"minecraft:fall_one_cm":15123},"minecraft:mined":{"minecraft:smoker":2,"minecraft:crafting_table":3,"gravestone:gravestone":1,"mirabilis:grass_pile":1,"minecraft:grass_block":4,"minecraft:spruce_leaves":2,"minecraft:diorite":6,"minecraft:furnace":1,"biomesoplenty:yellow_autumn_leaves":2,"minecraft:spruce_log":17,"minecraft:grass":3,"minecraft:coal_ore":5,"crittersandcompanions:silk_cocoon":1,"minecraft:dirt":4,"minecraft:stone":39,"minecraft:oak_leaves":9,"minecraft:fern":1},"minecraft:used":{"minecraft:cooked_mutton":6,"minecraft:diorite":6,"minecraft:stone_pickaxe":41,"minecraft:wooden_pickaxe":14,"minecraft:dirt":8,"minecraft:crafting_table":3,"minecraft:smoker":2,"minecraft:stone_axe":56,"minecraft:furnace":1,"minecraft:gray_wool":1}},"DataVersion":3465}