{"stats":{"minecraft:killed_by":{"riskofrain_mobs:lemurian_entity":1},"minecraft:custom":{"minecraft:interact_with_furnace":15,"minecraft:mob_kills":3,"minecraft:interact_with_crafting_table":18,"minecraft:leave_game":2,"minecraft:time_since_death":722,"minecraft:time_since_rest":771,"minecraft:sprint_one_cm":21374,"minecraft:damage_taken":647,"minecraft:walk_one_cm":96687,"minecraft:damage_blocked_by_shield":270,"minecraft:drop":34,"minecraft:damage_dealt":671,"minecraft:fly_one_cm":30282,"minecraft:crouch_one_cm":20759,"minecraft:play_time":62124,"minecraft:deaths":1,"minecraft:sneak_time":6710,"minecraft:walk_under_water_one_cm":1028,"minecraft:jump":418,"minecraft:walk_on_water_one_cm":10656,"minecraft:total_world_time":62124,"minecraft:fall_one_cm":5746},"minecraft:picked_up":{"minecraft:crafting_table":8,"minecraft:clay_ball":8,"minecraft:glow_ink_sac":4,"minecraft:andesite":9,"minecraft:flint":2,"minecraft:gunpowder":2,"minecraft:dirt":8,"minecraft:cooked_mutton":3,"minecraft:bone":2,"bloodandmadness:blood_vial":2,"minecraft:cobbled_deepslate":12,"minecraft:raw_gold":7,"minecraft:spruce_planks":63,"minecraft:stone_pickaxe":1,"minecraft:furnace":2,"minecraft:raw_iron":37,"forbidden_arcanus:bat_wing":1,"minecraft:smooth_basalt":1,"minecraft:gravel":4,"minecraft:fire_charge":1,"minecraft:sand":1,"minecraft:diorite":18,"minecraft:spruce_log":20,"minecraft:arrow":1,"minecraft:rotten_flesh":3,"minecraft:diamond":9,"minecraft:granite":5,"bloodandmadness:sanguisteel_nugget":1,"minecraft:gold_ingot":2,"minecraft:netherrack":60,"minecraft:coal":64,"minecraft:cobblestone":45},"minecraft:mined":{"minecraft:deepslate_diamond_ore":2,"minecraft:clay":2,"minecraft:crafting_table":8,"gravestone:gravestone":2,"minecraft:granite":5,"minecraft:grass_block":3,"minecraft:cobblestone":8,"minecraft:spruce_leaves":2,"minecraft:deepslate_gold_ore":7,"minecraft:diorite":18,"minecraft:furnace":2,"minecraft:iron_ore":21,"minecraft:spruce_log":20,"minecraft:andesite":8,"minecraft:coal_ore":31,"minecraft:deepslate_iron_ore":11,"minecraft:gravel":6,"minecraft:sand":1,"minecraft:dirt":5,"minecraft:stone":35,"minecraft:netherrack":63,"minecraft:deepslate":15},"minecraft:crafted":{"minecraft:diamond_sword":1,"minecraft:crafting_table":1,"minecraft:spruce_planks":80,"minecraft:wooden_pickaxe":1,"minecraft:iron_helmet":1,"minecraft:furnace":2,"minecraft:bucket":1,"minecraft:stone_axe":1,"minecraft:bread":17,"minecraft:air":0,"minecraft:flint_and_steel":2,"minecraft:iron_chestplate":1,"minecraft:diamond_pickaxe":1,"minecraft:shield":1,"minecraft:stick":16,"minecraft:iron_ingot":37,"minecraft:iron_pickaxe":1,"minecraft:stone_pickaxe":1,"minecraft:iron_leggings":1,"minecraft:gold_ingot":7,"minecraft:golden_boots":1},"minecraft:used":{"minecraft:golden_boots":1,"minecraft:cooked_mutton":1,"minecraft:water_bucket":15,"minecraft:diorite":5,"minecraft:flint_and_steel":1,"minecraft:stone_pickaxe":122,"minecraft:wooden_pickaxe":11,"minecraft:shield":13,"minecraft:rotten_flesh":1,"minecraft:netherrack":9,"minecraft:iron_chestplate":1,"minecraft:dirt":8,"minecraft:crafting_table":8,"minecraft:diamond_pickaxe":87,"minecraft:lava_bucket":6,"minecraft:bread":6,"minecraft:iron_pickaxe":8,"minecraft:stone_axe":26,"minecraft:diamond_sword":3,"minecraft:cobblestone":49,"minecraft:furnace":2,"minecraft:bucket":22,"alexsmobs:animal_dictionary":1,"minecraft:iron_leggings":1},"minecraft:dropped":{"minecraft:stone_axe":1,"minecraft:blackstone":4,"minecraft:sweet_berries":9,"minecraft:iron_nugget":1,"minecraft:stone_sword":1,"alexsmobs:animal_dictionary":2,"minecraft:wheat":66,"minecraft:cobblestone":11,"minecraft:clay_ball":8,"minecraft:granite":5,"minecraft:dirt":1,"minecraft:potato":1,"iter_rpg:etherbloom":1,"minecraft:diorite":13,"minecraft:mutton":3,"minecraft:andesite":12,"gravestone:obituary":1,"minecraft:sand":1,"minecraft:wooden_pickaxe":2,"minecraft:stone_pickaxe":3,"minecraft:iron_pickaxe":1,"minecraft:white_wool":1,"minecraft:gold_ingot":5,"minecraft:black_wool":1},"minecraft:killed":{"minecraft:skeleton":1,"minecraft:zombie":1}},"DataVersion":3465}