{"stats":{"minecraft:killed_by":{"riskofrain_mobs:stone_golem_entity":1,"minecraft:player":3,"grimoireofgaia:bone_knight":1,"minecraft:zombie":1},"minecraft:custom":{"minecraft:mob_kills":8,"minecraft:interact_with_crafting_table":4,"minecraft:leave_game":3,"minecraft:time_since_death":554,"minecraft:time_since_rest":596,"minecraft:sprint_one_cm":84666,"minecraft:damage_taken":2003,"minecraft:walk_one_cm":59431,"minecraft:drop":8,"minecraft:damage_dealt":2098,"minecraft:swim_one_cm":5128,"minecraft:fly_one_cm":117387,"minecraft:open_chest":1,"minecraft:crouch_one_cm":1473,"minecraft:play_time":38146,"minecraft:deaths":7,"minecraft:sneak_time":654,"minecraft:walk_under_water_one_cm":3669,"minecraft:jump":592,"minecraft:walk_on_water_one_cm":1885,"minecraft:total_world_time":38146,"minecraft:fall_one_cm":13922},"minecraft:picked_up":{"minecraft:crafting_table":3,"minecraft:wheat":66,"minecraft:clay_ball":8,"minecraft:andesite":15,"minecraft:wooden_pickaxe":1,"minecraft:potato":1,"minecraft:shield":1,"minecraft:dirt":2,"iter_rpg:etherbloom":2,"minecraft:flint_and_steel":1,"minecraft:bone":1,"minecraft:blackstone":8,"bloodandmadness:blood_vial":2,"minecraft:gold_nugget":1,"minecraft:cobbled_deepslate":3,"minecraft:raw_gold":2,"minecraft:spruce_planks":12,"minecraft:iron_ingot":22,"minecraft:stone_pickaxe":1,"minecraft:iron_nugget":2,"minecraft:poppy":1,"minecraft:iron_pickaxe":1,"minecraft:sugar_cane":12,"minecraft:furnace":1,"minecraft:stick":1,"minecraft:sweet_berries":19,"minecraft:sand":1,"minecraft:spruce_sapling":3,"minecraft:diorite":13,"minecraft:spruce_log":7,"minecraft:redstone":1,"grimoireofgaia:shiny_pearl":2,"alexsmobs:animal_dictionary":1,"minecraft:stone_sword":1,"minecraft:rotten_flesh":1,"minecraft:stone_axe":1,"minecraft:hay_block":13,"minecraft:granite":5,"bloodandmadness:sanguisteel_nugget":1,"minecraft:oak_sapling":1,"minecraft:black_wool":2,"minecraft:mutton":6,"minecraft:coal":29,"minecraft:cobblestone":92,"minecraft:white_wool":2},"minecraft:mined":{"minecraft:crafting_table":2,"gravestone:gravestone":4,"mirabilis:grass_pile":1,"minecraft:spruce_leaves":9,"minecraft:deepslate_gold_ore":2,"minecraft:sugar_cane":7,"minecraft:hay_block":14,"iter_rpg:etherbloom":1,"minecraft:spruce_log":7,"minecraft:andesite":3,"minecraft:grass":2,"minecraft:dirt":2,"minecraft:stone":76,"minecraft:white_wool":1},"minecraft:crafted":{"minecraft:crafting_table":1,"minecraft:spruce_planks":28,"minecraft:wooden_pickaxe":1,"minecraft:stone_axe":1,"minecraft:stick":12,"minecraft:stone_pickaxe":1,"minecraft:stone_sword":1,"minecraft:torch":16,"minecraft:wheat":117},"minecraft:used":{"minecraft:stone_sword":51,"minecraft:stone_pickaxe":65,"minecraft:poppy":1,"minecraft:wooden_pickaxe":36,"minecraft:sheep_spawn_egg":1,"minecraft:white_wool":1,"minecraft:torch":5,"minecraft:crafting_table":4,"minecraft:iron_pickaxe":2,"minecraft:spruce_sapling":3,"minecraft:stone_axe":11,"minecraft:sweet_berries":1,"minecraft:oak_sapling":1,"alexsmobs:animal_dictionary":1},"minecraft:dropped":{"grimoireofgaia:shiny_pearl":1,"gravestone:obituary":6,"minecraft:stone_pickaxe":1},"minecraft:killed":{"grimoireofgaia:cyan_flower":1,"grimoireofgaia:cecaelia":1,"minecraft:creeper":1,"minecraft:sheep":2,"minecraft:zombie":2,"bloodandmadness:huntsman_axe":1}},"DataVersion":3465}